first_name,last_name,job_title,company_name,company_website,industry,email,email_verified,mobile_phone,mobile_verified,linkedin_url,source
Abhinav,Bajpai,,Quantiphi,https://quantiphi.com,,abhinav@quantiphi.com,False,1983438564,False,https://www.linkedin.com/in/abhinav-bajpai-81a545211/,search_fallback
Shivang,Maurya,,Maqsoftware,https://maqsoftware.com,,shivang@maqsoftware.com,False,5165933333,False,https://www.linkedin.com/in/shivang-maurya-50955a203/,search_fallback
sravan,kosana,,Sarascan,https://sarascan.ca,,sravan@sarascan.ca,False,6350874865,False,https://www.linkedin.com/in/sravankosana/,search_fallback
Lalit,Mahabhoi,,Managemydream,https://managemydream.com,,lalit@managemydream.com,False,3861757439,False,https://www.linkedin.com/in/lalitmahabhoi/,search_fallback
Bhagyashree,Patil,,Everestek,https://everestek.com,,bhagyashree@everestek.com,False,6312803577,False,https://www.linkedin.com/in/bhagyashree-patil-790/,search_fallback
